[
  {
    "name": "dica",
    "reward": "MOBILELEGEND - 3 Diamond"
  },
  {
    "name": "dica",
    "reward": "MOBILELEGEND - 3 Diamond"
  },
  {
    "name": "Rini Susanti",
    "reward": "MOBILE LEGENDS Weekly Diamond Pass"
  },
  {
    "name": "Wahyu Nugroho",
    "reward": "MOBILE LEGENDS Weekly Diamond Pass"
  },
  {
    "name": "Budi Santoso",
    "reward": "MOBILE LEGENDS Weekly Diamond Pass"
  },
  {
    "name": "Ika Wulandari",
    "reward": "MOBILELEGEND - 3 Diamond"
  },
  {
    "name": "Slamet Riyadi",
    "reward": "MOBILE LEGENDS Weekly Diamond Pass"
  },
  {
    "name": "Ani Puspitasari",
    "reward": "MOBILELEGEND - 5 Diamond"
  },
  {
    "name": "Agus Setiawan",
    "reward": "MOBILELEGEND - 10 Diamond"
  },
  {
    "name": "Rina Handayani",
    "reward": "MOBILELEGEND - 3 Diamond"
  },
  {
    "name": "Hadi Pranoto",
    "reward": "MOBILELEGEND - 5 Diamond"
  },
  {
    "name": "Siti Nurhaliza",
    "reward": "MOBILELEGEND - 10 Diamond"
  }
]