[
  {
    "id": "6282133047022@s.whatsapp.net",
    "user": "pengki",
    "suspen": 1701546398297,
    "expired": 1701373598298,
    "invoice": 1701200798298,
    "status": true,
    "pid": "1",
    "memory": "3000",
    "cpu": "90",
    "created": "27/11/2023",
    "update": "27/12/2023",
    "price": 20000
  },
  {
    "id": "628996922670@s.whatsapp.net",
    "user": "ervan",
    "suspen": 1702151270912,
    "expired": 1701978470913,
    "invoice": 1701805670913,
    "status": true,
    "pid": "3",
    "memory": "3000",
    "cpu": "90",
    "created": "07/11/2023",
    "update": "07/12/2023",
    "price": 20000
  },
  {
    "id": "6287847542449@s.whatsapp.net",
    "user": "kang ghosting",
    "suspen": 1701546508236,
    "expired": 1701373708236,
    "invoice": 1701200908236,
    "status": true,
    "pid": "4",
    "memory": "3000",
    "cpu": "90",
    "created": "27/11/2023",
    "update": "27/12/2023",
    "price": 20000
  },
  {
    "id": "6282366560021@s.whatsapp.net",
    "user": "wandi",
    "suspen": 1702237772426,
    "expired": 1702064972426,
    "invoice": 1701892172426,
    "status": true,
    "pid": "5",
    "memory": "3000",
    "cpu": "90",
    "created": "08/11/2023",
    "update": "08/12/2023",
    "price": 20000
  },
  {
    "id": "6281545904741@s.whatsapp.net",
    "user": "ciak",
    "suspen": 1701978642776,
    "expired": 1701805842776,
    "invoice": 1701633042776,
    "status": true,
    "pid": "6",
    "memory": "3000",
    "cpu": "90",
    "created": "05/11/2023",
    "update": "05/12/2023",
    "price": 20000
  },
  {
    "id": "6287880003398@s.whatsapp.net",
    "user": "shys",
    "suspen": 1701201105570,
    "expired": 1701028305570,
    "invoice": 1700855505570,
    "status": true,
    "pid": "7",
    "memory": "4000",
    "cpu": "100",
    "created": "26/11/2023",
    "update": "26/12/2023",
    "price": 25000
  },
  {
    "id": "6289630267454@s.whatsapp.net",
    "user": "nopita",
    "suspen": 1702410747564,
    "expired": 1702237947564,
    "invoice": 1702065147564,
    "status": true,
    "pid": "8",
    "memory": "3000",
    "cpu": "90",
    "created": "10/11/2023",
    "update": "10/12/2023",
    "price": 20000
  },
  {
    "id": "6281216134754@s.whatsapp.net",
    "user": "nuri",
    "suspen": 1702497203118,
    "expired": 1702324403118,
    "invoice": 1702151603118,
    "status": true,
    "pid": "10",
    "memory": "2000",
    "cpu": "60",
    "created": "11/11/2023",
    "update": "11/12/2023",
    "price": 15000
  },
  {
    "id": "6285397776608@s.whatsapp.net",
    "user": "zona reload",
    "suspen": 1701201231616,
    "expired": 1701028431616,
    "invoice": 1700855631616,
    "status": true,
    "pid": "12",
    "memory": "3000",
    "cpu": "90",
    "created": "27/11/2023",
    "update": "27/12/2023",
    "price": 20000
  },
  {
    "id": "6285780170898@s.whatsapp.net",
    "user": "ari",
    "suspen": 1702324479230,
    "expired": 1702151679230,
    "invoice": 1701978879230,
    "status": true,
    "pid": "14",
    "memory": "1000",
    "cpu": "30",
    "created": "09/11/2023",
    "update": "09/12/2023",
    "price": 10000
  },
  {
    "id": "6287899777340@s.whatsapp.net",
    "user": "Nazz.Store",
    "suspen": 1701806118646,
    "expired": 1701633318646,
    "invoice": 1701460518646,
    "status": true,
    "pid": "15",
    "memory": "1000",
    "cpu": "30",
    "created": "01/11/2023",
    "update": "01/12/2023",
    "price": 10000
  },
  {
    "id": "6283182365331@s.whatsapp.net",
    "user": "Israelbabi",
    "suspen": 1702497366847,
    "expired": 1702324566847,
    "invoice": 1702151766847,
    "status": true,
    "pid": "16",
    "memory": "3000",
    "cpu": "90",
    "created": "11/11/2023",
    "update": "11/12/2023",
    "price": 20000
  },
  {
    "id": "6287758426340@s.whatsapp.net",
    "user": "yobi",
    "suspen": 1702583894731,
    "expired": 1702411094731,
    "invoice": 1702238294731,
    "status": true,
    "pid": "17",
    "memory": "3000",
    "cpu": "90",
    "created": "12/11/2023",
    "update": "12/12/2023",
    "price": 20000
  },
  {
    "id": "6289518949283@s.whatsapp.net",
    "user": "lele",
    "suspen": 1701979131147,
    "expired": 1701806331147,
    "invoice": 1701633531147,
    "status": true,
    "pid": "19",
    "memory": "5000",
    "cpu": "120",
    "created": "05/11/2023",
    "update": "05/12/2023",
    "price": 30000
  },
  {
    "id": "6283856193217@s.whatsapp.net",
    "user": "suco",
    "suspen": 1703275390916,
    "expired": 1703102590916,
    "invoice": 1702929790916,
    "status": true,
    "pid": "34",
    "memory": "1000",
    "cpu": "30",
    "created": "21/11/2023",
    "update": "21/12/2023",
    "price": 10000
  },
  {
    "id": "6281238996370@s.whatsapp.net",
    "user": "-chaeee",
    "suspen": 1703361816762,
    "expired": 1703189016762,
    "invoice": 1703016216762,
    "status": true,
    "pid": "33",
    "memory": "2000",
    "cpu": "60",
    "created": "20/11/2023",
    "update": "20/12/2023",
    "price": 15000
  },
  {
    "id": "6281238996370@s.whatsapp.net",
    "user": "hart",
    "suspen": 1701374648399,
    "expired": 1701201848399,
    "invoice": 1701029048399,
    "status": true,
    "pid": "24",
    "memory": "1000",
    "cpu": "30",
    "created": "29/11/2023",
    "update": "29/12/2023",
    "price": 10000
  },
  {
    "id": "6281238996370@s.whatsapp.net",
    "user": "jov",
    "suspen": 1701979478423,
    "expired": 1701806678423,
    "invoice": 1701633878423,
    "status": true,
    "pid": "18",
    "memory": "5000",
    "cpu": "120",
    "created": "05/11/2023",
    "update": "05/12/2023",
    "price": 30000
  },
  {
    "id": "6281238996370@s.whatsapp.net",
    "user": "jov2",
    "suspen": 1700946868536,
    "expired": 1700774068537,
    "invoice": 1700601268537,
    "status": true,
    "pid": "18",
    "memory": "5000",
    "cpu": "120",
    "created": "24/11/2023",
    "update": "24/12/2023",
    "price": 5000
  },
  {
    "id": "6281238996370@s.whatsapp.net",
    "user": "jov2",
    "suspen": 1700946900640,
    "expired": 1700774100641,
    "invoice": 1700601300641,
    "status": true,
    "pid": "18",
    "memory": "5000",
    "cpu": "120",
    "created": "24/11/2023",
    "update": "24/12/2023",
    "price": 5000
  },
  {
    "id": "6281238996370@s.whatsapp.net",
    "user": "jov2",
    "suspen": 1700947132959,
    "expired": 1700774332960,
    "invoice": 1700601532960,
    "status": true,
    "pid": "18",
    "memory": "5000",
    "cpu": "120",
    "created": "24/11/2023",
    "update": "24/12/2023",
    "price": 5000
  },
  {
    "id": "6281238996370@s.whatsapp.net",
    "user": "dickaa",
    "suspen": 1700947204375,
    "expired": 1700774404376,
    "invoice": 1700601604376,
    "status": true,
    "pid": "900",
    "memory": "5000",
    "cpu": "120",
    "created": "24/11/2023",
    "update": "24/12/2023",
    "price": 5000
  },
  {
    "id": "6281238996370@s.whatsapp.net",
    "user": "dicka",
    "suspen": 1703573617202,
    "expired": 1703400817203,
    "invoice": 1703228017203,
    "status": true,
    "pid": "1",
    "memory": "2000",
    "cpu": "90",
    "created": "24/11/2023",
    "update": "24/12/2023",
    "price": 15000
  },
  {
    "id": "601111187621@s.whatsapp.net",
    "user": "degestore",
    "suspen": 1701242477932,
    "expired": 1701069677934,
    "invoice": 1700896877934,
    "status": true,
    "pid": 49,
    "memory": "5000",
    "cpu": "120",
    "created": "24/11/2023",
    "update": "24/12/2023",
    "price": 30000
  },
  {
    "id": "6281238996370@s.whatsapp.net",
    "user": "pepek",
    "suspen": 1701164463147,
    "expired": 1700991663155,
    "invoice": 1700818863155,
    "status": true,
    "pid": "1090",
    "memory": "5000",
    "cpu": "120",
    "created": "26/11/2023",
    "update": "26/12/2023",
    "price": 30000
  },
  {
    "id": "62895621838898@s.whatsapp.net",
    "user": "gatw",
    "suspen": 1706584642228,
    "expired": 1706411842229,
    "invoice": 1706239042229,
    "status": true,
    "pid": 50,
    "memory": "1000",
    "cpu": "30",
    "created": "29/11/2023",
    "update": "29/12/2023",
    "price": 10000
  },
  {
    "id": "62895621838898@s.whatsapp.net",
    "user": "gatw",
    "suspen": 1706584728822,
    "expired": 1706411928822,
    "invoice": 1706239128822,
    "status": true,
    "pid": 51,
    "memory": "1000",
    "cpu": "30",
    "created": "29/11/2023",
    "update": "29/12/2023",
    "price": 10000
  },
  {
    "id": "6283865444700@s.whatsapp.net",
    "user": "jlab",
    "suspen": 1702294351054,
    "expired": 1702121551055,
    "invoice": 1701948751055,
    "status": true,
    "pid": 52,
    "memory": "1000",
    "cpu": "30",
    "created": "29/11/2023",
    "update": "29/12/2023",
    "price": 10000
  },
  {
    "id": "6287758426340@s.whatsapp.net",
    "user": "yobi2",
    "suspen": 1704250548287,
    "expired": 1704077748288,
    "invoice": 1703904948288,
    "status": true,
    "pid": 53,
    "memory": "1000",
    "cpu": "30",
    "created": "02/12/2023",
    "update": "1/1/2024",
    "price": 10000
  },
  {
    "id": "62895340342789@s.whatsapp.net",
    "user": "ravihdc",
    "suspen": 1702245556097,
    "expired": 1702072756100,
    "invoice": 1701899956100,
    "status": true,
    "pid": 54,
    "memory": "30",
    "cpu": "1000",
    "created": "04/12/2023",
    "update": "3/1/2024",
    "price": 5000
  },
  {
    "id": "47@s.whatsapp.net",
    "user": "adris",
    "suspen": 1702245577300,
    "expired": 1702072777300,
    "invoice": 1701899977300,
    "status": true,
    "pid": 55,
    "memory": "30",
    "cpu": "1000",
    "created": "04/12/2023",
    "update": "3/1/2024",
    "price": 5000
  },
  {
    "id": "46@s.whatsapp.net",
    "user": "fluffy",
    "suspen": 1704558698741,
    "expired": 1704385898743,
    "invoice": 1704213098743,
    "status": true,
    "pid": 56,
    "memory": "90",
    "cpu": "3000",
    "created": "04/12/2023",
    "update": "3/1/2024",
    "price": 5000
  },
  {
    "id": "6281238996370@s.whatsapp.net",
    "user": "apigames",
    "suspen": 1701901533722,
    "expired": 1701728733723,
    "invoice": 1701555933723,
    "status": true,
    "pid": "31",
    "memory": "1000",
    "cpu": "30",
    "created": "05/12/2023",
    "update": "4/1/2024",
    "price": 10000
  },
  {
    "id": "6289630680176@s.whatsapp.net",
    "user": "rikontl",
    "suspen": 1704524531881,
    "expired": 1704351731883,
    "invoice": 1704178931883,
    "status": true,
    "pid": 57,
    "memory": "1000",
    "cpu": "60",
    "created": "05/12/2023",
    "update": "4/1/2024",
    "price": 10000
  },
  {
    "id": "628882185066@s.whatsapp.net",
    "user": "hexsa vault",
    "suspen": 1704550923611,
    "expired": 1704378123612,
    "invoice": 1704205323612,
    "status": true,
    "pid": 58,
    "memory": "2000",
    "cpu": "60",
    "created": "05/12/2023",
    "update": "4/1/2024",
    "price": 15000
  },
  {
    "id": "6281238996370@s.whatsapp.net",
    "user": "dicka",
    "suspen": 1702025274908,
    "expired": 1701852474909,
    "invoice": 1701679674910,
    "status": true,
    "pid": 59,
    "memory": " 0",
    "cpu": " 0",
    "created": "06/12/2023",
    "update": "5/1/2024",
    "price": 5000
  },
  {
    "id": "6283182365331@s.whatsapp.net",
    "user": "mantp",
    "suspen": 1704624861112,
    "expired": 1704452061113,
    "invoice": 1704279261113,
    "status": true,
    "pid": 60,
    "memory": "1000",
    "cpu": "30",
    "created": "06/12/2023",
    "update": "5/1/2024",
    "price": 10000
  },
  {
    "id": "6281545904741@s.whatsapp.net",
    "user": "ciak dua",
    "suspen": 1704696396244,
    "expired": 1704523596245,
    "invoice": 1704350796245,
    "status": true,
    "pid": 62,
    "memory": "3000",
    "cpu": "90",
    "created": "07/12/2023",
    "update": "6/1/2024",
    "price": 20000
  },
  {
    "id": "6285776918099@s.whatsapp.net",
    "user": "tar",
    "suspen": 1704850448363,
    "expired": 1704677648364,
    "invoice": 1704504848364,
    "status": true,
    "pid": 63,
    "memory": "2000",
    "cpu": "60",
    "created": "09/12/2023",
    "update": "8/1/2024",
    "price": 15000
  },
  {
    "id": "6287880003398@s.whatsapp.net",
    "user": "deput",
    "suspen": 1705085679620,
    "expired": 1704912879621,
    "invoice": 1704740079621,
    "status": true,
    "pid": 64,
    "memory": "1000",
    "cpu": "30",
    "created": "11/12/2023",
    "update": "10/1/2024",
    "price": 10000
  },
  {
    "id": "6283865444700@s.whatsapp.net",
    "user": "•MeeqoKim•",
    "suspen": 1706113169560,
    "expired": 1705940369561,
    "invoice": 1705767569561,
    "status": true,
    "pid": 67,
    "memory": "3000",
    "cpu": "90",
    "created": "23/12/2023",
    "update": "22/1/2024",
    "price": 20000
  },
  {
    "id": "6287847542449@s.whatsapp.net",
    "user": "monyet 10",
    "suspen": 1706415157463,
    "expired": 1706242357464,
    "invoice": 1706069557464,
    "status": true,
    "pid": 68,
    "memory": "3000",
    "cpu": "90",
    "created": "27/12/2023",
    "update": "26/1/2024",
    "price": 20000
  },
  {
    "id": "6281330121513@s.whatsapp.net",
    "user": "suga Store",
    "suspen": 1706434068215,
    "expired": 1706261268216,
    "invoice": 1706088468216,
    "status": true,
    "pid": 69,
    "memory": "3000",
    "cpu": "90",
    "created": "27/12/2023",
    "update": "26/1/2024",
    "price": 20000
  },
  {
    "id": "6285892283735@s.whatsapp.net",
    "user": "fajar",
    "suspen": 1706644657482,
    "expired": 1706471857483,
    "invoice": 1706299057483,
    "status": true,
    "pid": 70,
    "memory": "1000",
    "cpu": "30",
    "created": "30/12/2023",
    "update": "29/1/2024",
    "price": 10000
  },
  {
    "id": "601111187621@s.whatsapp.net",
    "user": "dugong store",
    "suspen": 1707983259929,
    "expired": 1707810459932,
    "invoice": 1707637659932,
    "status": true,
    "pid": 71,
    "memory": "0",
    "cpu": "0",
    "created": "14/01/2024",
    "update": "13/2/2024",
    "price": 5000
  },
  {
    "id": "6283865444700@s.whatsapp.net",
    "user": "sekali aja",
    "suspen": 1707983340694,
    "expired": 1707810540695,
    "invoice": 1707637740695,
    "status": true,
    "pid": 72,
    "memory": "3000",
    "cpu": "90",
    "created": "14/01/2024",
    "update": "13/2/2024",
    "price": 20000
  }
]